Filename,Action_List_Len
1013.json,33
102.json,938
1024.json,191
1025.json,69
1027.json,91
1028.json,75
1036.json,23
1043.json,57
1046.json,54
1047.json,32
105.json,279
1050.json,53
1053.json,15
1079.json,563
108.json,206
1083.json,16
1084.json,2
1085.json,2
1086.json,384
1087.json,65
1088.json,114
1102.json,22
1115.json,35
1118.json,37
1135.json,0
1139.json,45
1147.json,46
1150.json,324
1175.json,48
1176.json,139
1187.json,3
1195.json,39
1197.json,96
1199.json,89
12.json,79
1202.json,163
1206.json,78
1213.json,8
128.json,20
1300.json,8
1303.json,52
137.json,127
146.json,43
147.json,117
151.json,33
156.json,27
159.json,490
164.json,255
178.json,150
181.json,73
184.json,22
186.json,1
194.json,31
198.json,258
200.json,94
202.json,35
203.json,5
206.json,3
211.json,29
223.json,149
224.json,68
227.json,26
230.json,57
240.json,2
244.json,29
251.json,147
252.json,49
26.json,11
266.json,344
268.json,140
273.json,52
274.json,78
297.json,58
30.json,34
313.json,30
314.json,26
318.json,75
32.json,6
321.json,88
322.json,82
339.json,39
340.json,16
341.json,103
342.json,125
352.json,514
353.json,117
360.json,67
362.json,3
363.json,47
365.json,37
368.json,11
369.json,46
370.json,50
372.json,68
376.json,33
378.json,17
38.json,7
386.json,432
39.json,30
392.json,26
396.json,62
403.json,159
404.json,10
406.json,25
412.json,83
417.json,449
422.json,49
423.json,8
424.json,34
425.json,353
431.json,44
435.json,72
451.json,13
459.json,119
471.json,30
488.json,87
492.json,0
493.json,41
495.json,8
502.json,24
509.json,534
512.json,96
513.json,69
515.json,44
516.json,1
52.json,67
532.json,70
54.json,21
540.json,42
550.json,20
568.json,7
58.json,165
580.json,269
581.json,169
585.json,92
588.json,60
595.json,23
6.json,117
60.json,41
603.json,37
604.json,193
605.json,27
61.json,9
621.json,4
625.json,12
626.json,38
627.json,108
628.json,24
640.json,28
648.json,57
654.json,68
655.json,11
658.json,146
668.json,26
673.json,14
678.json,18
682.json,8
689.json,29
69.json,320
695.json,39
70.json,338
707.json,58
75.json,9
77.json,96
810.json,130
814.json,53
820.json,92
822.json,129
825.json,139
826.json,82
828.json,170
829.json,24
834.json,127
842.json,78
845.json,1
846.json,49
847.json,27
853.json,18
859.json,55
864.json,71
865.json,26
868.json,44
87.json,35
880.json,7
881.json,11
882.json,94
885.json,121
899.json,75
905.json,152
909.json,22
931.json,12
936.json,245
938.json,38
946.json,767
952.json,13
956.json,146
98.json,191
983.json,56
99.json,19
995.json,26
WebSight_0.json,4
WebSight_1.json,6
WebSight_10.json,0
WebSight_100.json,4
WebSight_101.json,7
WebSight_102.json,3
WebSight_103.json,5
WebSight_104.json,3
WebSight_105.json,4
WebSight_106.json,7
WebSight_107.json,3
WebSight_108.json,0
WebSight_109.json,4
WebSight_11.json,1
WebSight_110.json,3
WebSight_111.json,4
WebSight_112.json,4
WebSight_113.json,3
WebSight_114.json,4
WebSight_115.json,6
WebSight_116.json,4
WebSight_117.json,0
WebSight_118.json,6
WebSight_119.json,3
WebSight_12.json,4
WebSight_120.json,5
WebSight_121.json,0
WebSight_122.json,5
WebSight_123.json,3
WebSight_124.json,0
WebSight_125.json,1
WebSight_126.json,8
WebSight_127.json,7
WebSight_128.json,0
WebSight_129.json,0
WebSight_13.json,4
WebSight_130.json,1
WebSight_131.json,1
WebSight_132.json,7
WebSight_133.json,6
WebSight_134.json,4
WebSight_135.json,1
WebSight_136.json,3
WebSight_137.json,3
WebSight_138.json,1
WebSight_139.json,5
WebSight_14.json,1
WebSight_140.json,1
WebSight_141.json,2
WebSight_142.json,4
WebSight_143.json,1
WebSight_144.json,2
WebSight_145.json,2
WebSight_146.json,0
WebSight_147.json,0
WebSight_148.json,1
WebSight_149.json,3
WebSight_15.json,4
WebSight_150.json,1
WebSight_151.json,6
WebSight_152.json,2
WebSight_153.json,3
WebSight_154.json,6
WebSight_155.json,3
WebSight_156.json,3
WebSight_157.json,8
WebSight_158.json,8
WebSight_159.json,9
WebSight_16.json,6
WebSight_160.json,0
WebSight_161.json,9
WebSight_162.json,5
WebSight_163.json,0
WebSight_164.json,7
WebSight_165.json,5
WebSight_166.json,2
WebSight_167.json,0
WebSight_168.json,5
WebSight_169.json,0
WebSight_17.json,5
WebSight_170.json,1
WebSight_171.json,2
WebSight_172.json,1
WebSight_173.json,4
WebSight_174.json,0
WebSight_175.json,1
WebSight_176.json,2
WebSight_177.json,3
WebSight_178.json,1
WebSight_179.json,1
WebSight_18.json,4
WebSight_180.json,1
WebSight_181.json,6
WebSight_182.json,7
WebSight_183.json,3
WebSight_184.json,4
WebSight_185.json,3
WebSight_186.json,4
WebSight_187.json,4
WebSight_188.json,5
WebSight_189.json,6
WebSight_19.json,5
WebSight_190.json,5
WebSight_191.json,8
WebSight_192.json,3
WebSight_193.json,2
WebSight_194.json,6
WebSight_195.json,2
WebSight_196.json,4
WebSight_197.json,2
WebSight_198.json,6
WebSight_199.json,0
WebSight_2.json,3
WebSight_20.json,4
WebSight_200.json,4
WebSight_201.json,5
WebSight_202.json,4
WebSight_203.json,6
WebSight_204.json,3
WebSight_205.json,0
WebSight_206.json,0
WebSight_207.json,1
WebSight_208.json,1
WebSight_209.json,9
WebSight_21.json,0
WebSight_210.json,4
WebSight_211.json,4
WebSight_212.json,0
WebSight_213.json,2
WebSight_214.json,0
WebSight_215.json,8
WebSight_216.json,1
WebSight_217.json,4
WebSight_218.json,1
WebSight_219.json,4
WebSight_22.json,2
WebSight_220.json,4
WebSight_221.json,8
WebSight_222.json,4
WebSight_223.json,0
WebSight_224.json,5
WebSight_225.json,1
WebSight_226.json,6
WebSight_227.json,5
WebSight_228.json,5
WebSight_229.json,4
WebSight_23.json,1
WebSight_230.json,9
WebSight_231.json,4
WebSight_232.json,0
WebSight_233.json,5
WebSight_234.json,5
WebSight_235.json,1
WebSight_236.json,5
WebSight_237.json,0
WebSight_238.json,6
WebSight_239.json,1
WebSight_24.json,2
WebSight_240.json,4
WebSight_241.json,4
WebSight_242.json,1
WebSight_243.json,0
WebSight_244.json,9
WebSight_245.json,8
WebSight_246.json,6
WebSight_247.json,0
WebSight_248.json,5
WebSight_249.json,6
WebSight_25.json,1
WebSight_250.json,5
WebSight_251.json,5
WebSight_252.json,4
WebSight_253.json,3
WebSight_254.json,0
WebSight_255.json,3
WebSight_256.json,9
WebSight_257.json,4
WebSight_258.json,0
WebSight_259.json,1
WebSight_26.json,1
WebSight_260.json,1
WebSight_261.json,5
WebSight_262.json,1
WebSight_263.json,4
WebSight_264.json,2
WebSight_265.json,6
WebSight_266.json,5
WebSight_267.json,6
WebSight_268.json,7
WebSight_269.json,5
WebSight_27.json,2
WebSight_270.json,5
WebSight_271.json,5
WebSight_272.json,5
WebSight_273.json,7
WebSight_274.json,4
WebSight_275.json,4
WebSight_276.json,7
WebSight_277.json,3
WebSight_278.json,3
WebSight_279.json,0
WebSight_28.json,8
WebSight_280.json,3
WebSight_281.json,0
WebSight_282.json,0
WebSight_283.json,0
WebSight_284.json,1
WebSight_285.json,1
WebSight_286.json,1
WebSight_287.json,4
WebSight_288.json,2
WebSight_289.json,1
WebSight_29.json,6
WebSight_290.json,1
WebSight_291.json,2
WebSight_292.json,1
WebSight_293.json,1
WebSight_294.json,4
WebSight_295.json,0
WebSight_296.json,0
WebSight_297.json,3
WebSight_298.json,3
WebSight_299.json,5
WebSight_3.json,9
WebSight_30.json,6
WebSight_31.json,0
WebSight_32.json,7
WebSight_33.json,3
WebSight_34.json,6
WebSight_35.json,4
WebSight_36.json,1
WebSight_37.json,1
WebSight_38.json,1
WebSight_39.json,1
WebSight_4.json,5
WebSight_40.json,4
WebSight_41.json,5
WebSight_42.json,1
WebSight_43.json,5
WebSight_44.json,4
WebSight_45.json,3
WebSight_46.json,3
WebSight_47.json,6
WebSight_48.json,8
WebSight_49.json,6
WebSight_5.json,4
WebSight_50.json,5
WebSight_51.json,4
WebSight_52.json,4
WebSight_53.json,3
WebSight_54.json,4
WebSight_55.json,3
WebSight_56.json,5
WebSight_57.json,1
WebSight_58.json,0
WebSight_59.json,1
WebSight_6.json,3
WebSight_60.json,5
WebSight_61.json,0
WebSight_62.json,2
WebSight_63.json,2
WebSight_64.json,1
WebSight_65.json,4
WebSight_66.json,1
WebSight_67.json,5
WebSight_68.json,4
WebSight_69.json,4
WebSight_7.json,5
WebSight_70.json,9
WebSight_71.json,5
WebSight_72.json,6
WebSight_73.json,1
WebSight_74.json,5
WebSight_75.json,4
WebSight_76.json,5
WebSight_77.json,2
WebSight_78.json,4
WebSight_79.json,6
WebSight_8.json,7
WebSight_80.json,4
WebSight_81.json,5
WebSight_82.json,1
WebSight_83.json,4
WebSight_84.json,5
WebSight_85.json,0
WebSight_86.json,4
WebSight_87.json,5
WebSight_88.json,6
WebSight_89.json,5
WebSight_9.json,5
WebSight_90.json,5
WebSight_91.json,9
WebSight_92.json,8
WebSight_93.json,1
WebSight_94.json,0
WebSight_95.json,7
WebSight_96.json,1
WebSight_97.json,4
WebSight_98.json,11
WebSight_99.json,5
