Filename,Category
340.html,Company/Organization Site
WebSight_5.html,Company/Organization Site
655.html,Blog
WebSight_276.html,Company/Organization Site
WebSight_299.html,Company/Organization Site
252.html,Blog
WebSight_108.html,Company/Organization Site
WebSight_221.html,Company/Organization Site
WebSight_83.html,Company/Organization Site
194.html,Blog
244.html,Company/Organization Site
WebSight_237.html,Company/Organization Site
WebSight_95.html,Company/Organization Site
881.html,Company/Organization Site
WebSight_149.html,Company/Organization Site
WebSight_260.html,Company/Organization Site
585.html,Information Site
268.html,Blog
WebSight_132.html,Company/Organization Site
WebSight_56.html,Company/Organization Site
842.html,Blog
WebSight_165.html,Company/Organization Site
403.html,Product Page
WebSight_173.html,Company/Organization Site
946.html,Other
WebSight_17.html,Company/Organization Site
1135.html,Other
550.html,Company/Organization Site
58.html,Company/Organization Site
WebSight_124.html,Company/Organization Site
1027.html,Blog
WebSight_40.html,Company/Organization Site
WebSight_37.html,Company/Organization Site
1115.html,Company/Organization Site
WebSight_295.html,Company/Organization Site
1050.html,Product Page
435.html,Blog
WebSight_153.html,Company/Organization Site
WebSight_9.html,Company/Organization Site
WebSight_60.html,Company/Organization Site
198.html,News Site
931.html,Company/Organization Site
WebSight_104.html,Company/Organization Site
WebSight_76.html,Company/Organization Site
39.html,News Site
WebSight_99.html,Product Page
WebSight_112.html,Company/Organization Site
WebSight_21.html,Company/Organization Site
423.html,Information Site
1046.html,Company/Organization Site
WebSight_283.html,Product Page
WebSight_145.html,Company/Organization Site
1197.html,Blog
WebSight_217.html,Company/Organization Site
321.html,News Site
1085.html,Blog
WebSight_240.html,Company/Organization Site
1206.html,Company/Organization Site
WebSight_169.html,Company/Organization Site
WebSight_186.html,Company/Organization Site
376.html,News Site
WebSight_256.html,Company/Organization Site
54.html,Product Page
1139.html,Company/Organization Site
360.html,Blog
WebSight_190.html,Company/Organization Site
WebSight_201.html,Company/Organization Site
WebSight_128.html,Company/Organization Site
273.html,Company/Organization Site
WebSight_129.html,Company/Organization Site
859.html,Company/Organization Site
WebSight_200.html,News Site
224.html,Information Site
WebSight_191.html,Company/Organization Site
WebSight_257.html,Company/Organization Site
WebSight_168.html,News Site
WebSight_187.html,Company/Organization Site
1084.html,Homepage
WebSight_241.html,Company/Organization Site
459.html,Blog
WebSight_216.html,Company/Organization Site
WebSight_144.html,Company/Organization Site
834.html,Blog
137.html,Product Page
1102.html,Information Site
WebSight_20.html,Company/Organization Site
422.html,News Site
1047.html,Information Site
588.html,News Site
WebSight_282.html,Company/Organization Site
WebSight_113.html,Company/Organization Site
WebSight_77.html,Company/Organization Site
38.html,Information Site
WebSight_98.html,Company/Organization Site
WebSight_105.html,Company/Organization Site
WebSight_61.html,Company/Organization Site
658.html,Blog
WebSight_152.html,Company/Organization Site
WebSight_8.html,Company/Organization Site
WebSight_36.html,Company/Organization Site
822.html,News Site
WebSight_294.html,Company/Organization Site
156.html,Company/Organization Site
WebSight_41.html,Blog
WebSight_125.html,Product Page
WebSight_16.html,Company/Organization Site
678.html,Product Page
WebSight_172.html,Company/Organization Site
814.html,News Site
1088.html,Blog
WebSight_164.html,Company/Organization Site
1175.html,Product Page
WebSight_57.html,Company/Organization Site
WebSight_133.html,Company/Organization Site
WebSight_261.html,Company/Organization Site
707.html,Blog
WebSight_148.html,Company/Organization Site
WebSight_236.html,Company/Organization Site
WebSight_94.html,Company/Organization Site
880.html,Company/Organization Site
WebSight_220.html,Company/Organization Site
WebSight_82.html,Company/Organization Site
603.html,Information Site
WebSight_109.html,Company/Organization Site
WebSight_277.html,Company/Organization Site
75.html,Company/Organization Site
1118.html,Company/Organization Site
WebSight_298.html,Company/Organization Site
341.html,News Site
WebSight_4.html,Company/Organization Site
654.html,Blog
825.html,Blog
WebSight_31.html,Company/Organization Site
WebSight_293.html,Product Page
WebSight_155.html,Company/Organization Site
WebSight_66.html,Company/Organization Site
WebSight_89.html,Company/Organization Site
WebSight_102.html,Company/Organization Site
864.html,News Site
WebSight_70.html,Company/Organization Site
WebSight_114.html,Company/Organization Site
WebSight_27.html,Company/Organization Site
87.html,Blog
WebSight_285.html,Company/Organization Site
425.html,Blog
WebSight_143.html,Company/Organization Site
WebSight_211.html,Company/Organization Site
WebSight_138.html,Company/Organization Site
WebSight_246.html,Company/Organization Site
1083.html,Company/Organization Site
370.html,Blog
WebSight_180.html,Product Page
52.html,Blog
WebSight_250.html,Company/Organization Site
223.html,Information Site
673.html,Company/Organization Site
WebSight_179.html,Company/Organization Site
WebSight_196.html,Company/Organization Site
1187.html,Product Page
WebSight_207.html,Company/Organization Site
274.html,Blog
203.html,News Site
WebSight_3.html,Company/Organization Site
WebSight_159.html,Company/Organization Site
983.html,Blog
WebSight_270.html,Company/Organization Site
829.html,Company/Organization Site
595.html,Company/Organization Site
604.html,Information Site
WebSight_227.html,Company/Organization Site
WebSight_85.html,Company/Organization Site
WebSight_118.html,Company/Organization Site
WebSight_231.html,Company/Organization Site
868.html,Information Site
WebSight_93.html,Company/Organization Site
184.html,Company/Organization Site
WebSight_266.html,Company/Organization Site
995.html,Information Site
WebSight_289.html,Company/Organization Site
WebSight_134.html,Company/Organization Site
147.html,Blog
WebSight_50.html,Company/Organization Site
WebSight_163.html,Company/Organization Site
956.html,Blog
540.html,Company/Organization Site
WebSight_175.html,Company/Organization Site
WebSight_11.html,Company/Organization Site
628.html,Blog
WebSight_122.html,Company/Organization Site
297.html,News Site
WebSight_46.html,Company/Organization Site
151.html,Company/Organization Site
WebSight_47.html,Company/Organization Site
853.html,Company/Organization Site
WebSight_123.html,Company/Organization Site
412.html,Blog
WebSight_10.html,Company/Organization Site
WebSight_174.html,Company/Organization Site
404.html,Other
392.html,Information Site
668.html,Company/Organization Site
WebSight_162.html,Company/Organization Site
1036.html,Company/Organization Site
845.html,Company/Organization Site
146.html,Product Page
WebSight_51.html,Company/Organization Site
516.html,Other
WebSight_135.html,Company/Organization Site
WebSight_267.html,Company/Organization Site
WebSight_288.html,Company/Organization Site
32.html,Other
WebSight_230.html,Company/Organization Site
WebSight_92.html,Product Page
WebSight_119.html,Company/Organization Site
WebSight_226.html,Company/Organization Site
WebSight_84.html,Company/Organization Site
605.html,Information Site
WebSight_271.html,Company/Organization Site
828.html,Blog
202.html,Blog
WebSight_2.html,Company/Organization Site
WebSight_158.html,Company/Organization Site
625.html,Company/Organization Site
WebSight_206.html,Company/Organization Site
WebSight_178.html,Company/Organization Site
WebSight_197.html,Company/Organization Site
WebSight_251.html,Company/Organization Site
WebSight_181.html,Company/Organization Site
WebSight_247.html,Company/Organization Site
WebSight_139.html,Company/Organization Site
12.html,News Site
WebSight_210.html,Information Site
648.html,Blog
WebSight_142.html,Company/Organization Site
WebSight_26.html,Company/Organization Site
69.html,Forum
WebSight_284.html,Company/Organization Site
424.html,Company/Organization Site
WebSight_115.html,Company/Organization Site
865.html,Company/Organization Site
WebSight_71.html,Company/Organization Site
WebSight_103.html,Company/Organization Site
WebSight_67.html,Company/Organization Site
936.html,Blog
WebSight_88.html,Company/Organization Site
WebSight_154.html,Company/Organization Site
WebSight_30.html,Company/Organization Site
WebSight_292.html,Company/Organization Site
626.html,Blog
WebSight_48.html,Company/Organization Site
WebSight_205.html,Company/Organization Site
WebSight_194.html,Company/Organization Site
WebSight_252.html,Company/Organization Site
108.html,Company/Organization Site
WebSight_182.html,Company/Organization Site
372.html,Other
1202.html,Blog
WebSight_244.html,Company/Organization Site
WebSight_213.html,Company/Organization Site
WebSight_141.html,Company/Organization Site
WebSight_287.html,Company/Organization Site
WebSight_268.html,Company/Organization Site
WebSight_25.html,Company/Organization Site
WebSight_116.html,Company/Organization Site
WebSight_72.html,Company/Organization Site
1150.html,Information Site
WebSight_100.html,Company/Organization Site
WebSight_229.html,Company/Organization Site
WebSight_64.html,Company/Organization Site
WebSight_157.html,Company/Organization Site
WebSight_291.html,Product Page
431.html,Information Site
WebSight_33.html,Company/Organization Site
WebSight_209.html,Company/Organization Site
WebSight_44.html,Company/Organization Site
WebSight_120.html,Company/Organization Site
WebSight_13.html,Company/Organization Site
WebSight_198.html,Company/Organization Site
368.html,Other
WebSight_177.html,Company/Organization Site
WebSight_248.html,Company/Organization Site
WebSight_161.html,Company/Organization Site
WebSight_52.html,Company/Organization Site
515.html,News Site
846.html,Product Page
WebSight_136.html,Company/Organization Site
581.html,Blog
WebSight_29.html,Company/Organization Site
WebSight_264.html,Company/Organization Site
352.html,Blog
WebSight_91.html,Company/Organization Site
186.html,Other
885.html,Information Site
WebSight_233.html,Company/Organization Site
493.html,Blog
240.html,Company/Organization Site
WebSight_87.html,Company/Organization Site
WebSight_68.html,Company/Organization Site
WebSight_225.html,Company/Organization Site
313.html,Information Site
70.html,Company/Organization Site
WebSight_272.html,Company/Organization Site
128.html,Forum
WebSight_1.html,Company/Organization Site
WebSight_0.html,Company/Organization Site
200.html,Company/Organization Site
WebSight_273.html,Company/Organization Site
938.html,Product Page
WebSight_86.html,Other
WebSight_69.html,Company/Organization Site
WebSight_224.html,Company/Organization Site
26.html,Company/Organization Site
WebSight_90.html,Company/Organization Site
30.html,Company/Organization Site
WebSight_232.html,Company/Organization Site
492.html,Other
353.html,Product Page
580.html,Information Site
WebSight_28.html,Company/Organization Site
WebSight_265.html,Company/Organization Site
WebSight_137.html,Company/Organization Site
WebSight_53.html,Company/Organization Site
847.html,Company/Organization Site
451.html,Information Site
WebSight_160.html,Company/Organization Site
WebSight_249.html,Company/Organization Site
810.html,Company/Organization Site
406.html,Company/Organization Site
WebSight_199.html,Company/Organization Site
369.html,News Site
386.html,Blog
WebSight_176.html,Company/Organization Site
105.html,Information Site
WebSight_12.html,Company/Organization Site
WebSight_121.html,Company/Organization Site
WebSight_208.html,Company/Organization Site
502.html,Company/Organization Site
WebSight_45.html,Company/Organization Site
WebSight_290.html,Company/Organization Site
WebSight_32.html,Company/Organization Site
826.html,Blog
WebSight_156.html,Company/Organization Site
WebSight_228.html,Company/Organization Site
1147.html,Blog
WebSight_65.html,Company/Organization Site
488.html,Company/Organization Site
WebSight_101.html,Company/Organization Site
471.html,Forum
164.html,Information Site
WebSight_73.html,Company/Organization Site
WebSight_117.html,Company/Organization Site
1043.html,News Site
WebSight_286.html,Company/Organization Site
WebSight_269.html,Company/Organization Site
WebSight_24.html,Company/Organization Site
WebSight_140.html,News Site
WebSight_212.html,Company/Organization Site
WebSight_245.html,Company/Organization Site
WebSight_183.html,Company/Organization Site
689.html,Company/Organization Site
WebSight_253.html,Company/Organization Site
1079.html,Information Site
365.html,Forum
WebSight_195.html,Company/Organization Site
WebSight_49.html,Company/Organization Site
WebSight_204.html,Company/Organization Site
627.html,Company/Organization Site
WebSight_42.html,Company/Organization Site
1025.html,News Site
339.html,Product Page
WebSight_126.html,Company/Organization Site
WebSight_258.html,Other
WebSight_15.html,Company/Organization Site
102.html,Information Site
417.html,Forum
WebSight_171.html,Company/Organization Site
952.html,Company/Organization Site
WebSight_188.html,Company/Organization Site
682.html,Information Site
378.html,Blog
WebSight_167.html,Company/Organization Site
WebSight_219.html,Company/Organization Site
WebSight_54.html,Company/Organization Site
1176.html,Blog
513.html,Product Page
1199.html,Company/Organization Site
905.html,Product Page
WebSight_130.html,Company/Organization Site
60.html,Company/Organization Site
WebSight_262.html,Company/Organization Site
568.html,Blog
211.html,Blog
WebSight_97.html,Company/Organization Site
495.html,Company/Organization Site
WebSight_78.html,Company/Organization Site
WebSight_235.html,News Site
WebSight_81.html,Company/Organization Site
WebSight_223.html,Company/Organization Site
99.html,Blog
WebSight_39.html,Company/Organization Site
WebSight_274.html,Company/Organization Site
WebSight_7.html,Company/Organization Site
342.html,Product Page
WebSight_203.html,Company/Organization Site
159.html,Forum
509.html,News Site
WebSight_192.html,Company/Organization Site
362.html,Other
227.html,Information Site
WebSight_19.html,Company/Organization Site
WebSight_254.html,Company/Organization Site
WebSight_184.html,Company/Organization Site
WebSight_242.html,Company/Organization Site
1087.html,Blog
266.html,Blog
WebSight_58.html,Company/Organization Site
WebSight_215.html,Company/Organization Site
909.html,Company/Organization Site
1195.html,Information Site
WebSight_147.html,Company/Organization Site
WebSight_281.html,Company/Organization Site
WebSight_23.html,Company/Organization Site
WebSight_110.html,Company/Organization Site
1013.html,Blog
WebSight_239.html,Information Site
WebSight_74.html,Blog
WebSight_106.html,Company/Organization Site
899.html,Blog
WebSight_62.html,Company/Organization Site
WebSight_151.html,Company/Organization Site
WebSight_297.html,Company/Organization Site
WebSight_278.html,Company/Organization Site
WebSight_35.html,Other
1053.html,Blog
WebSight_296.html,Company/Organization Site
820.html,Forum
WebSight_279.html,Company/Organization Site
WebSight_34.html,Company/Organization Site
WebSight_150.html,Company/Organization Site
WebSight_63.html,Company/Organization Site
WebSight_107.html,Company/Organization Site
318.html,Homepage
WebSight_238.html,Company/Organization Site
WebSight_75.html,Company/Organization Site
532.html,Company/Organization Site
WebSight_111.html,Company/Organization Site
WebSight_280.html,Company/Organization Site
6.html,Information Site
WebSight_22.html,Company/Organization Site
WebSight_146.html,Company/Organization Site
WebSight_59.html,Company/Organization Site
WebSight_214.html,Company/Organization Site
322.html,Forum
WebSight_243.html,Company/Organization Site
1086.html,Blog
WebSight_185.html,Company/Organization Site
230.html,Blog
WebSight_18.html,Company/Organization Site
WebSight_255.html,Company/Organization Site
WebSight_193.html,Company/Organization Site
363.html,Product Page
1213.html,Information Site
WebSight_202.html,Company/Organization Site
1028.html,Company/Organization Site
621.html,Other
206.html,Other
WebSight_6.html,Company/Organization Site
98.html,Blog
WebSight_38.html,Company/Organization Site
WebSight_275.html,Company/Organization Site
77.html,Blog
251.html,Company/Organization Site
314.html,Information Site
WebSight_80.html,Company/Organization Site
WebSight_222.html,Company/Organization Site
178.html,Blog
882.html,Blog
181.html,Company/Organization Site
WebSight_96.html,Company/Organization Site
WebSight_79.html,Company/Organization Site
WebSight_234.html,Company/Organization Site
640.html,
61.html,
WebSight_263.html,
WebSight_131.html,
WebSight_218.html,
WebSight_55.html,
512.html,
WebSight_189.html,
396.html,
WebSight_166.html,
695.html,
WebSight_170.html,
WebSight_259.html,
WebSight_14.html,Company/Organization Site
WebSight_127.html,Company/Organization Site
WebSight_43.html,Company/Organization Site
1024.html,Blog
