Filename,MOD_Depth_Count
340.html,22
WebSight_5.html,6
655.html,10
WebSight_276.html,6
WebSight_299.html,5
252.html,14
WebSight_108.html,4
WebSight_221.html,8
WebSight_83.html,6
194.html,15
244.html,18
WebSight_237.html,5
WebSight_95.html,6
881.html,8
WebSight_149.html,5
WebSight_260.html,3
585.html,14
268.html,10
WebSight_132.html,7
WebSight_56.html,6
842.html,24
WebSight_165.html,5
403.html,15
WebSight_173.html,6
946.html,8
WebSight_17.html,6
1135.html,7
550.html,17
58.html,14
WebSight_124.html,5
1027.html,15
WebSight_40.html,4
WebSight_37.html,4
1115.html,16
WebSight_295.html,6
1050.html,20
435.html,15
WebSight_153.html,6
WebSight_9.html,6
WebSight_60.html,5
198.html,18
931.html,14
WebSight_104.html,5
WebSight_76.html,6
39.html,24
WebSight_99.html,7
WebSight_112.html,4
WebSight_21.html,3
423.html,7
1046.html,26
WebSight_283.html,4
WebSight_145.html,6
1197.html,13
WebSight_217.html,6
321.html,17
1085.html,5
WebSight_240.html,5
1206.html,10
WebSight_169.html,4
WebSight_186.html,6
376.html,9
WebSight_256.html,6
54.html,7
1139.html,30
360.html,14
WebSight_190.html,6
WebSight_201.html,7
WebSight_128.html,5
273.html,12
WebSight_129.html,4
859.html,13
WebSight_200.html,7
224.html,11
WebSight_191.html,6
WebSight_257.html,6
WebSight_168.html,6
WebSight_187.html,5
1084.html,10
WebSight_241.html,7
459.html,26
WebSight_216.html,5
WebSight_144.html,5
834.html,25
137.html,15
1102.html,10
WebSight_20.html,6
422.html,19
1047.html,11
588.html,30
WebSight_282.html,3
WebSight_113.html,5
WebSight_77.html,3
38.html,9
WebSight_98.html,6
WebSight_105.html,6
WebSight_61.html,4
658.html,15
WebSight_152.html,7
WebSight_8.html,5
WebSight_36.html,5
822.html,11
WebSight_294.html,5
156.html,12
WebSight_41.html,6
WebSight_125.html,5
WebSight_16.html,5
678.html,15
WebSight_172.html,5
814.html,16
1088.html,25
WebSight_164.html,9
1175.html,6
WebSight_57.html,5
WebSight_133.html,7
WebSight_261.html,6
707.html,18
WebSight_148.html,5
WebSight_236.html,5
WebSight_94.html,4
880.html,9
WebSight_220.html,5
WebSight_82.html,4
603.html,17
WebSight_109.html,6
WebSight_277.html,5
75.html,8
1118.html,11
WebSight_298.html,5
341.html,17
WebSight_4.html,7
654.html,14
825.html,25
WebSight_31.html,4
WebSight_293.html,5
WebSight_155.html,5
WebSight_66.html,3
WebSight_89.html,6
WebSight_102.html,5
864.html,14
WebSight_70.html,5
WebSight_114.html,6
WebSight_27.html,4
87.html,14
WebSight_285.html,4
425.html,26
WebSight_143.html,6
WebSight_211.html,5
WebSight_138.html,4
WebSight_246.html,5
1083.html,13
370.html,12
WebSight_180.html,7
52.html,15
WebSight_250.html,7
223.html,11
673.html,14
WebSight_179.html,5
WebSight_196.html,5
1187.html,9
WebSight_207.html,3
274.html,25
203.html,13
WebSight_3.html,7
WebSight_159.html,8
983.html,16
WebSight_270.html,5
829.html,12
595.html,14
604.html,12
WebSight_227.html,5
WebSight_85.html,6
WebSight_118.html,7
WebSight_231.html,6
868.html,10
WebSight_93.html,4
184.html,7
WebSight_266.html,4
995.html,8
WebSight_289.html,3
WebSight_134.html,6
147.html,16
WebSight_50.html,4
WebSight_163.html,5
956.html,19
540.html,7
WebSight_175.html,4
WebSight_11.html,8
628.html,12
WebSight_122.html,7
297.html,21
WebSight_46.html,7
151.html,16
WebSight_47.html,6
853.html,13
WebSight_123.html,6
412.html,23
WebSight_10.html,3
WebSight_174.html,3
404.html,6
392.html,6
668.html,17
WebSight_162.html,6
1036.html,20
845.html,15
146.html,14
WebSight_51.html,6
516.html,7
WebSight_135.html,4
WebSight_267.html,7
WebSight_288.html,4
32.html,12
WebSight_230.html,5
WebSight_92.html,5
WebSight_119.html,4
WebSight_226.html,4
WebSight_84.html,6
605.html,17
WebSight_271.html,6
828.html,14
202.html,15
WebSight_2.html,5
WebSight_158.html,6
625.html,18
WebSight_206.html,4
WebSight_178.html,5
WebSight_197.html,5
WebSight_251.html,6
WebSight_181.html,7
WebSight_247.html,3
WebSight_139.html,6
12.html,15
WebSight_210.html,5
648.html,25
WebSight_142.html,8
WebSight_26.html,4
69.html,19
WebSight_284.html,8
424.html,16
WebSight_115.html,5
865.html,23
WebSight_71.html,5
WebSight_103.html,6
WebSight_67.html,5
936.html,11
WebSight_88.html,6
WebSight_154.html,6
WebSight_30.html,6
WebSight_292.html,7
626.html,11
WebSight_48.html,9
WebSight_205.html,4
WebSight_194.html,6
WebSight_252.html,7
108.html,16
WebSight_182.html,5
372.html,18
1202.html,25
WebSight_244.html,5
WebSight_213.html,5
WebSight_141.html,3
WebSight_287.html,5
WebSight_268.html,6
WebSight_25.html,7
WebSight_116.html,8
WebSight_72.html,5
1150.html,8
WebSight_100.html,4
WebSight_229.html,7
WebSight_64.html,4
WebSight_157.html,6
WebSight_291.html,5
431.html,14
WebSight_33.html,4
WebSight_209.html,5
WebSight_44.html,5
WebSight_120.html,5
WebSight_13.html,5
WebSight_198.html,6
368.html,16
WebSight_177.html,5
WebSight_248.html,6
WebSight_161.html,7
WebSight_52.html,5
515.html,9
846.html,16
WebSight_136.html,5
581.html,13
WebSight_29.html,5
WebSight_264.html,5
352.html,25
WebSight_91.html,6
186.html,21
885.html,19
WebSight_233.html,6
493.html,31
240.html,8
WebSight_87.html,5
WebSight_68.html,6
WebSight_225.html,4
313.html,17
70.html,25
WebSight_272.html,5
128.html,7
WebSight_1.html,6
WebSight_0.html,5
200.html,11
WebSight_273.html,6
938.html,34
WebSight_86.html,5
WebSight_69.html,5
WebSight_224.html,5
26.html,19
WebSight_90.html,6
30.html,12
WebSight_232.html,5
492.html,4
353.html,36
580.html,21
WebSight_28.html,5
WebSight_265.html,5
WebSight_137.html,5
WebSight_53.html,5
847.html,12
451.html,9
WebSight_160.html,4
WebSight_249.html,4
810.html,16
406.html,12
WebSight_199.html,5
369.html,9
386.html,25
WebSight_176.html,6
105.html,14
WebSight_12.html,7
WebSight_121.html,5
WebSight_208.html,4
502.html,10
WebSight_45.html,6
WebSight_290.html,9
WebSight_32.html,6
826.html,12
WebSight_156.html,6
WebSight_228.html,6
1147.html,11
WebSight_65.html,4
488.html,17
WebSight_101.html,5
471.html,16
164.html,46
WebSight_73.html,5
WebSight_117.html,4
1043.html,9
WebSight_286.html,7
WebSight_269.html,6
WebSight_24.html,4
WebSight_140.html,4
WebSight_212.html,4
WebSight_245.html,6
WebSight_183.html,6
689.html,17
WebSight_253.html,6
1079.html,16
365.html,15
WebSight_195.html,4
WebSight_49.html,6
WebSight_204.html,6
627.html,13
WebSight_42.html,4
1025.html,23
339.html,10
WebSight_126.html,7
WebSight_258.html,4
WebSight_15.html,5
102.html,7
417.html,5
WebSight_171.html,5
952.html,13
WebSight_188.html,6
682.html,5
378.html,14
WebSight_167.html,4
WebSight_219.html,6
WebSight_54.html,4
1176.html,15
513.html,22
1199.html,15
905.html,11
WebSight_130.html,4
60.html,15
WebSight_262.html,6
568.html,15
211.html,20
WebSight_97.html,6
495.html,8
WebSight_78.html,5
WebSight_235.html,7
WebSight_81.html,7
WebSight_223.html,5
99.html,12
WebSight_39.html,4
WebSight_274.html,6
WebSight_7.html,6
342.html,18
WebSight_203.html,6
159.html,16
509.html,26
WebSight_192.html,5
362.html,8
227.html,22
WebSight_19.html,5
WebSight_254.html,3
WebSight_184.html,7
WebSight_242.html,5
1087.html,25
266.html,20
WebSight_58.html,5
WebSight_215.html,6
909.html,16
1195.html,12
WebSight_147.html,5
WebSight_281.html,4
WebSight_23.html,7
WebSight_110.html,5
1013.html,11
WebSight_239.html,5
WebSight_74.html,5
WebSight_106.html,7
899.html,14
WebSight_62.html,6
WebSight_151.html,7
WebSight_297.html,5
WebSight_278.html,5
WebSight_35.html,5
1053.html,13
WebSight_296.html,4
820.html,30
WebSight_279.html,4
WebSight_34.html,7
WebSight_150.html,5
WebSight_63.html,6
WebSight_107.html,5
318.html,14
WebSight_238.html,6
WebSight_75.html,5
532.html,18
WebSight_111.html,5
WebSight_280.html,6
6.html,11
WebSight_22.html,7
WebSight_146.html,4
WebSight_59.html,5
WebSight_214.html,4
322.html,21
WebSight_243.html,3
1086.html,14
WebSight_185.html,5
230.html,11
WebSight_18.html,6
WebSight_255.html,8
WebSight_193.html,6
363.html,16
1213.html,4
WebSight_202.html,7
1028.html,17
621.html,8
206.html,8
WebSight_6.html,6
98.html,17
WebSight_38.html,3
WebSight_275.html,6
77.html,16
251.html,19
314.html,11
WebSight_80.html,5
WebSight_222.html,6
178.html,15
882.html,13
181.html,12
WebSight_96.html,6
WebSight_79.html,6
WebSight_234.html,7
640.html,8
61.html,9
WebSight_263.html,5
WebSight_131.html,5
WebSight_218.html,4
WebSight_55.html,5
512.html,14
WebSight_189.html,8
396.html,14
WebSight_166.html,4
695.html,18
WebSight_170.html,4
WebSight_259.html,5
WebSight_14.html,5
WebSight_127.html,6
WebSight_43.html,7
1024.html,25
