Filename,Node_Count
340.html,160
WebSight_5.html,20
655.html,57
WebSight_276.html,29
WebSight_299.html,15
252.html,330
WebSight_108.html,12
WebSight_221.html,36
WebSight_83.html,18
194.html,195
244.html,328
WebSight_237.html,24
WebSight_95.html,26
881.html,49
WebSight_149.html,17
WebSight_260.html,11
585.html,457
268.html,383
WebSight_132.html,21
WebSight_56.html,18
842.html,486
WebSight_165.html,18
403.html,573
WebSight_173.html,15
946.html,1394
WebSight_17.html,19
1135.html,49
550.html,273
58.html,1074
WebSight_124.html,15
1027.html,825
WebSight_40.html,19
WebSight_37.html,19
1115.html,319
WebSight_295.html,16
1050.html,453
435.html,458
WebSight_153.html,16
WebSight_9.html,18
WebSight_60.html,18
198.html,1072
931.html,132
WebSight_104.html,15
WebSight_76.html,22
39.html,448
WebSight_99.html,20
WebSight_112.html,22
WebSight_21.html,8
423.html,309
1046.html,614
WebSight_283.html,13
WebSight_145.html,13
1197.html,350
WebSight_217.html,13
321.html,592
1085.html,22
WebSight_240.html,19
1206.html,335
WebSight_169.html,8
WebSight_186.html,16
376.html,144
WebSight_256.html,24
54.html,77
1139.html,408
360.html,691
WebSight_190.html,24
WebSight_201.html,27
WebSight_128.html,23
273.html,207
WebSight_129.html,4
859.html,261
WebSight_200.html,19
224.html,578
WebSight_191.html,22
WebSight_257.html,26
WebSight_168.html,19
WebSight_187.html,24
1084.html,19
WebSight_241.html,14
459.html,676
WebSight_216.html,11
WebSight_144.html,14
834.html,1791
137.html,265
1102.html,187
WebSight_20.html,17
422.html,302
1047.html,103
588.html,1247
WebSight_282.html,16
WebSight_113.html,23
WebSight_77.html,7
38.html,197
WebSight_98.html,26
WebSight_105.html,17
WebSight_61.html,4
658.html,556
WebSight_152.html,23
WebSight_8.html,26
WebSight_36.html,23
822.html,401
WebSight_294.html,14
156.html,146
WebSight_41.html,24
WebSight_125.html,17
WebSight_16.html,22
678.html,349
WebSight_172.html,16
814.html,297
1088.html,523
WebSight_164.html,27
1175.html,139
WebSight_57.html,20
WebSight_133.html,19
WebSight_261.html,23
707.html,559
WebSight_148.html,13
WebSight_236.html,14
WebSight_94.html,15
880.html,80
WebSight_220.html,14
WebSight_82.html,10
603.html,168
WebSight_109.html,23
WebSight_277.html,23
75.html,45
1118.html,148
WebSight_298.html,20
341.html,465
WebSight_4.html,13
654.html,343
825.html,1151
WebSight_31.html,17
WebSight_293.html,22
WebSight_155.html,21
WebSight_66.html,7
WebSight_89.html,21
WebSight_102.html,12
864.html,277
WebSight_70.html,29
WebSight_114.html,19
WebSight_27.html,8
87.html,278
WebSight_285.html,8
425.html,2809
WebSight_143.html,17
WebSight_211.html,19
WebSight_138.html,6
WebSight_246.html,20
1083.html,109
370.html,208
WebSight_180.html,25
52.html,299
WebSight_250.html,17
223.html,684
673.html,93
WebSight_179.html,40
WebSight_196.html,16
1187.html,50
WebSight_207.html,11
274.html,551
203.html,6384
WebSight_3.html,28
WebSight_159.html,34
983.html,408
WebSight_270.html,29
829.html,262
595.html,218
604.html,662
WebSight_227.html,22
WebSight_85.html,9
WebSight_118.html,20
WebSight_231.html,23
868.html,90
WebSight_93.html,13
184.html,52
WebSight_266.html,21
995.html,103
WebSight_289.html,12
WebSight_134.html,18
147.html,647
WebSight_50.html,21
WebSight_163.html,14
956.html,1019
540.html,196
WebSight_175.html,8
WebSight_11.html,18
628.html,370
WebSight_122.html,15
297.html,539
WebSight_46.html,23
151.html,431
WebSight_47.html,20
853.html,106
WebSight_123.html,33
412.html,799
WebSight_10.html,5
WebSight_174.html,8
404.html,22
392.html,71
668.html,349
WebSight_162.html,20
1036.html,310
845.html,233
146.html,601
WebSight_51.html,20
516.html,16
WebSight_135.html,11
WebSight_267.html,19
WebSight_288.html,14
32.html,26
WebSight_230.html,32
WebSight_92.html,29
WebSight_119.html,12
WebSight_226.html,16
WebSight_84.html,19
605.html,89
WebSight_271.html,24
828.html,945
202.html,280
WebSight_2.html,17
WebSight_158.html,25
625.html,319
WebSight_206.html,9
WebSight_178.html,10
WebSight_197.html,8
WebSight_251.html,19
WebSight_181.html,26
WebSight_247.html,6
WebSight_139.html,17
12.html,342
WebSight_210.html,16
648.html,405
WebSight_142.html,26
WebSight_26.html,7
69.html,1851
WebSight_284.html,11
424.html,254
WebSight_115.html,22
865.html,1223
WebSight_71.html,17
WebSight_103.html,18
WebSight_67.html,19
936.html,1076
WebSight_88.html,24
WebSight_154.html,30
WebSight_30.html,26
WebSight_292.html,10
626.html,117
WebSight_48.html,26
WebSight_205.html,15
WebSight_194.html,19
WebSight_252.html,18
108.html,498
WebSight_182.html,25
372.html,314
1202.html,5381
WebSight_244.html,23
WebSight_213.html,14
WebSight_141.html,18
WebSight_287.html,9
WebSight_268.html,24
WebSight_25.html,11
WebSight_116.html,29
WebSight_72.html,16
1150.html,1292
WebSight_100.html,17
WebSight_229.html,29
WebSight_64.html,16
WebSight_157.html,26
WebSight_291.html,13
431.html,238
WebSight_33.html,18
WebSight_209.html,23
WebSight_44.html,20
WebSight_120.html,30
WebSight_13.html,25
WebSight_198.html,17
368.html,97
WebSight_177.html,21
WebSight_248.html,13
WebSight_161.html,23
WebSight_52.html,17
515.html,186
846.html,572
WebSight_136.html,16
581.html,481
WebSight_29.html,28
WebSight_264.html,9
352.html,1771
WebSight_91.html,22
186.html,60
885.html,1623
WebSight_233.html,41
493.html,405
240.html,40
WebSight_87.html,19
WebSight_68.html,19
WebSight_225.html,14
313.html,207
70.html,946
WebSight_272.html,19
128.html,80
WebSight_1.html,18
WebSight_0.html,11
200.html,340
WebSight_273.html,22
938.html,311
WebSight_86.html,15
WebSight_69.html,26
WebSight_224.html,29
26.html,1499
WebSight_90.html,22
30.html,390
WebSight_232.html,28
492.html,7
353.html,546
580.html,734
WebSight_28.html,27
WebSight_265.html,26
WebSight_137.html,18
WebSight_53.html,12
847.html,164
451.html,60
WebSight_160.html,13
WebSight_249.html,13
810.html,493
406.html,125
WebSight_199.html,9
369.html,171
386.html,1346
WebSight_176.html,12
105.html,1000
WebSight_12.html,14
WebSight_121.html,9
WebSight_208.html,22
502.html,187
WebSight_45.html,13
WebSight_290.html,16
WebSight_32.html,28
826.html,303
WebSight_156.html,20
WebSight_228.html,23
1147.html,142
WebSight_65.html,11
488.html,859
WebSight_101.html,24
471.html,108
164.html,808
WebSight_73.html,12
WebSight_117.html,8
1043.html,201
WebSight_286.html,17
WebSight_269.html,19
WebSight_24.html,7
WebSight_140.html,12
WebSight_212.html,16
WebSight_245.html,34
WebSight_183.html,19
689.html,192
WebSight_253.html,22
1079.html,1453
365.html,503
WebSight_195.html,14
WebSight_49.html,29
WebSight_204.html,19
627.html,656
WebSight_42.html,7
1025.html,897
339.html,182
WebSight_126.html,36
WebSight_258.html,9
WebSight_15.html,14
102.html,1973
417.html,797
WebSight_171.html,14
952.html,154
WebSight_188.html,23
682.html,210
378.html,99
WebSight_167.html,10
WebSight_219.html,22
WebSight_54.html,14
1176.html,498
513.html,3453
1199.html,336
905.html,413
WebSight_130.html,7
60.html,332
WebSight_262.html,12
568.html,64
211.html,119
WebSight_97.html,23
495.html,29
WebSight_78.html,27
WebSight_235.html,11
WebSight_81.html,20
WebSight_223.html,18
99.html,104
WebSight_39.html,22
WebSight_274.html,21
WebSight_7.html,24
342.html,744
WebSight_203.html,24
159.html,1488
509.html,3000
WebSight_192.html,15
362.html,17
227.html,259
WebSight_19.html,22
WebSight_254.html,4
WebSight_184.html,14
WebSight_242.html,12
1087.html,254
266.html,2589
WebSight_58.html,9
WebSight_215.html,28
909.html,120
1195.html,179
WebSight_147.html,19
WebSight_281.html,10
WebSight_23.html,25
WebSight_110.html,23
1013.html,117
WebSight_239.html,20
WebSight_74.html,14
WebSight_106.html,28
899.html,312
WebSight_62.html,16
WebSight_151.html,26
WebSight_297.html,13
WebSight_278.html,17
WebSight_35.html,20
1053.html,118
WebSight_296.html,13
820.html,1149
WebSight_279.html,11
WebSight_34.html,17
WebSight_150.html,11
WebSight_63.html,19
WebSight_107.html,18
318.html,356
WebSight_238.html,18
WebSight_75.html,21
532.html,773
WebSight_111.html,23
WebSight_280.html,18
6.html,528
WebSight_22.html,11
WebSight_146.html,12
WebSight_59.html,15
WebSight_214.html,14
322.html,359
WebSight_243.html,16
1086.html,1135
WebSight_185.html,14
230.html,215
WebSight_18.html,21
WebSight_255.html,20
WebSight_193.html,16
363.html,375
1213.html,21
WebSight_202.html,13
1028.html,217
621.html,73
206.html,17
WebSight_6.html,21
98.html,1439
WebSight_38.html,18
WebSight_275.html,22
77.html,436
251.html,429
314.html,91
WebSight_80.html,19
WebSight_222.html,21
178.html,692
882.html,423
181.html,372
WebSight_96.html,13
WebSight_79.html,17
WebSight_234.html,30
640.html,103
61.html,56
WebSight_263.html,20
WebSight_131.html,16
WebSight_218.html,19
WebSight_55.html,12
512.html,463
WebSight_189.html,22
396.html,352
WebSight_166.html,19
695.html,170
WebSight_170.html,12
WebSight_259.html,17
WebSight_14.html,14
WebSight_127.html,25
WebSight_43.html,20
1024.html,1286
