Filename,Token_Count
340.html,19740
WebSight_5.html,649
655.html,6967
WebSight_276.html,766
WebSight_299.html,487
252.html,149432
WebSight_108.html,446
WebSight_221.html,1471
WebSight_83.html,882
194.html,28804
244.html,136024
WebSight_237.html,542
WebSight_95.html,1119
881.html,71236
WebSight_149.html,745
WebSight_260.html,436
585.html,11235
268.html,33476
WebSight_132.html,880
WebSight_56.html,1081
842.html,35263
WebSight_165.html,709
403.html,112967
WebSight_173.html,620
946.html,71914
WebSight_17.html,592
1135.html,8925
550.html,428905
58.html,93578
WebSight_124.html,561
1027.html,105939
WebSight_40.html,633
WebSight_37.html,626
1115.html,62490
WebSight_295.html,513
1050.html,127537
435.html,259587
WebSight_153.html,788
WebSight_9.html,580
WebSight_60.html,679
198.html,67520
931.html,186088
WebSight_104.html,856
WebSight_76.html,890
39.html,279020
WebSight_99.html,705
WebSight_112.html,817
WebSight_21.html,344
423.html,7206
1046.html,90494
WebSight_283.html,347
WebSight_145.html,569
1197.html,85615
WebSight_217.html,773
321.html,310807
1085.html,4446
WebSight_240.html,518
1206.html,23978
WebSight_169.html,660
WebSight_186.html,627
376.html,10653
WebSight_256.html,1178
54.html,5898
1139.html,453638
360.html,77220
WebSight_190.html,606
WebSight_201.html,869
WebSight_128.html,454
273.html,177048
WebSight_129.html,294
859.html,98475
WebSight_200.html,594
224.html,37207
WebSight_191.html,1114
WebSight_257.html,899
WebSight_168.html,679
WebSight_187.html,1112
1084.html,29700
WebSight_241.html,379
459.html,40944
WebSight_216.html,441
WebSight_144.html,464
834.html,71282
137.html,20188
1102.html,25601
WebSight_20.html,631
422.html,482118
1047.html,17589
588.html,225519
WebSight_282.html,430
WebSight_113.html,568
WebSight_77.html,579
38.html,84803
WebSight_98.html,1227
WebSight_105.html,715
WebSight_61.html,295
658.html,212750
WebSight_152.html,961
WebSight_8.html,616
WebSight_36.html,803
822.html,277381
WebSight_294.html,784
156.html,2881
WebSight_41.html,753
WebSight_125.html,556
WebSight_16.html,847
678.html,25330
WebSight_172.html,425
814.html,234556
1088.html,235635
WebSight_164.html,995
1175.html,5502
WebSight_57.html,566
WebSight_133.html,696
WebSight_261.html,631
707.html,65030
WebSight_148.html,406
WebSight_236.html,950
WebSight_94.html,449
880.html,4777
WebSight_220.html,790
WebSight_82.html,562
603.html,77011
WebSight_109.html,1050
WebSight_277.html,572
75.html,69782
1118.html,103173
WebSight_298.html,963
341.html,12177
WebSight_4.html,684
654.html,91909
825.html,50447
WebSight_31.html,408
WebSight_293.html,830
WebSight_155.html,857
WebSight_66.html,318
WebSight_89.html,642
WebSight_102.html,540
864.html,36084
WebSight_70.html,973
WebSight_114.html,603
WebSight_27.html,548
87.html,122430
WebSight_285.html,441
425.html,136265
WebSight_143.html,551
WebSight_211.html,563
WebSight_138.html,328
WebSight_246.html,756
1083.html,52200
370.html,123516
WebSight_180.html,654
52.html,114135
WebSight_250.html,631
223.html,47356
673.html,94097
WebSight_179.html,816
WebSight_196.html,859
1187.html,8641
WebSight_207.html,454
274.html,33763
203.html,232745
WebSight_3.html,1007
WebSight_159.html,1050
983.html,312018
WebSight_270.html,701
829.html,78149
595.html,154926
604.html,58571
WebSight_227.html,680
WebSight_85.html,358
WebSight_118.html,681
WebSight_231.html,846
868.html,15294
WebSight_93.html,629
184.html,46944
WebSight_266.html,897
995.html,23236
WebSight_289.html,420
WebSight_134.html,701
147.html,103446
WebSight_50.html,648
WebSight_163.html,331
956.html,357478
540.html,5165
WebSight_175.html,324
WebSight_11.html,740
628.html,22622
WebSight_122.html,638
297.html,171715
WebSight_46.html,817
151.html,546390
WebSight_47.html,678
853.html,38498
WebSight_123.html,1350
412.html,337519
WebSight_10.html,281
WebSight_174.html,244
404.html,17625
392.html,3449
668.html,107230
WebSight_162.html,932
1036.html,160102
845.html,654060
146.html,32371
WebSight_51.html,504
516.html,46823
WebSight_135.html,525
WebSight_267.html,796
WebSight_288.html,543
32.html,11283
WebSight_230.html,1133
WebSight_92.html,919
WebSight_119.html,688
WebSight_226.html,677
WebSight_84.html,903
605.html,85171
WebSight_271.html,1069
828.html,74123
202.html,99209
WebSight_2.html,829
WebSight_158.html,951
625.html,109553
WebSight_206.html,667
WebSight_178.html,420
WebSight_197.html,486
WebSight_251.html,798
WebSight_181.html,802
WebSight_247.html,408
WebSight_139.html,754
12.html,163435
WebSight_210.html,670
648.html,30889
WebSight_142.html,1107
WebSight_26.html,345
69.html,146681
WebSight_284.html,596
424.html,77161
WebSight_115.html,697
865.html,314042
WebSight_71.html,834
WebSight_103.html,537
WebSight_67.html,612
936.html,181066
WebSight_88.html,1149
WebSight_154.html,1471
WebSight_30.html,1132
WebSight_292.html,459
626.html,7672
WebSight_48.html,1127
WebSight_205.html,476
WebSight_194.html,607
WebSight_252.html,552
108.html,25712
WebSight_182.html,956
372.html,181179
1202.html,175321
WebSight_244.html,1055
WebSight_213.html,376
WebSight_141.html,520
WebSight_287.html,642
WebSight_268.html,1053
WebSight_25.html,630
WebSight_116.html,1311
WebSight_72.html,726
1150.html,28689
WebSight_100.html,564
WebSight_229.html,585
WebSight_64.html,597
WebSight_157.html,1402
WebSight_291.html,582
431.html,108951
WebSight_33.html,606
WebSight_209.html,852
WebSight_44.html,851
WebSight_120.html,746
WebSight_13.html,655
WebSight_198.html,891
368.html,134242
WebSight_177.html,868
WebSight_248.html,610
WebSight_161.html,877
WebSight_52.html,837
515.html,22294
846.html,149648
WebSight_136.html,988
581.html,30699
WebSight_29.html,659
WebSight_264.html,563
352.html,580981
WebSight_91.html,736
186.html,245533
885.html,377581
WebSight_233.html,1052
493.html,15199
240.html,10514
WebSight_87.html,648
WebSight_68.html,475
WebSight_225.html,508
313.html,44522
70.html,43172
WebSight_272.html,817
128.html,5079
WebSight_1.html,1017
WebSight_0.html,588
200.html,14288
WebSight_273.html,833
938.html,10080
WebSight_86.html,598
WebSight_69.html,1012
WebSight_224.html,772
26.html,521902
WebSight_90.html,633
30.html,388143
WebSight_232.html,540
492.html,2817
353.html,17041
580.html,121544
WebSight_28.html,1086
WebSight_265.html,933
WebSight_137.html,917
WebSight_53.html,695
847.html,113535
451.html,2493
WebSight_160.html,360
WebSight_249.html,670
810.html,438247
406.html,16804
WebSight_199.html,477
369.html,22205
386.html,61949
WebSight_176.html,560
105.html,117113
WebSight_12.html,813
WebSight_121.html,546
WebSight_208.html,751
502.html,14825
WebSight_45.html,658
WebSight_290.html,765
WebSight_32.html,859
826.html,45104
WebSight_156.html,678
WebSight_228.html,1100
1147.html,39437
WebSight_65.html,487
488.html,101203
WebSight_101.html,1037
471.html,262038
164.html,28835
WebSight_73.html,746
WebSight_117.html,330
1043.html,26017
WebSight_286.html,581
WebSight_269.html,732
WebSight_24.html,438
WebSight_140.html,550
WebSight_212.html,553
WebSight_245.html,967
WebSight_183.html,949
689.html,155707
WebSight_253.html,720
1079.html,92191
365.html,98647
WebSight_195.html,705
WebSight_49.html,959
WebSight_204.html,1010
627.html,159778
WebSight_42.html,381
1025.html,223761
339.html,12376
WebSight_126.html,1066
WebSight_258.html,233
WebSight_15.html,785
102.html,59192
417.html,56887
WebSight_171.html,682
952.html,67703
WebSight_188.html,615
682.html,4784
378.html,68706
WebSight_167.html,267
WebSight_219.html,685
WebSight_54.html,502
1176.html,76916
513.html,458601
1199.html,88072
905.html,61997
WebSight_130.html,328
60.html,88054
WebSight_262.html,478
568.html,9806
211.html,20183
WebSight_97.html,710
495.html,7959
WebSight_78.html,604
WebSight_235.html,527
WebSight_81.html,732
WebSight_223.html,569
99.html,17306
WebSight_39.html,739
WebSight_274.html,932
WebSight_7.html,861
342.html,77482
WebSight_203.html,784
159.html,75835
509.html,125529
WebSight_192.html,789
362.html,3165
227.html,47739
WebSight_19.html,918
WebSight_254.html,217
WebSight_184.html,630
WebSight_242.html,590
1087.html,25575
266.html,852138
WebSight_58.html,622
WebSight_215.html,867
909.html,91545
1195.html,137902
WebSight_147.html,384
WebSight_281.html,392
WebSight_23.html,799
WebSight_110.html,613
1013.html,38927
WebSight_239.html,732
WebSight_74.html,628
WebSight_106.html,742
899.html,208470
WebSight_62.html,546
WebSight_151.html,797
WebSight_297.html,680
WebSight_278.html,844
WebSight_35.html,867
1053.html,59165
WebSight_296.html,397
820.html,63494
WebSight_279.html,452
WebSight_34.html,834
WebSight_150.html,381
WebSight_63.html,661
WebSight_107.html,819
318.html,26932
WebSight_238.html,712
WebSight_75.html,643
532.html,473428
WebSight_111.html,666
WebSight_280.html,580
6.html,96614
WebSight_22.html,622
WebSight_146.html,335
WebSight_59.html,640
WebSight_214.html,397
322.html,96808
WebSight_243.html,378
1086.html,169040
WebSight_185.html,731
230.html,104601
WebSight_18.html,633
WebSight_255.html,682
WebSight_193.html,609
363.html,170231
1213.html,924
WebSight_202.html,731
1028.html,179012
621.html,1824
206.html,3331
WebSight_6.html,609
98.html,62984
WebSight_38.html,632
WebSight_275.html,705
77.html,672020
251.html,48918
314.html,16947
WebSight_80.html,620
WebSight_222.html,618
178.html,60151
882.html,42358
181.html,75117
WebSight_96.html,512
WebSight_79.html,522
WebSight_234.html,822
640.html,43085
61.html,5606
WebSight_263.html,861
WebSight_131.html,517
WebSight_218.html,472
WebSight_55.html,668
512.html,124405
WebSight_189.html,811
396.html,11687
WebSight_166.html,661
695.html,12284
WebSight_170.html,427
WebSight_259.html,530
WebSight_14.html,443
WebSight_127.html,1121
WebSight_43.html,669
1024.html,97935
