Filename,Unique_Tag_Count
340.html,10
WebSight_5.html,12
655.html,14
WebSight_276.html,13
WebSight_299.html,10
252.html,36
WebSight_108.html,5
WebSight_221.html,17
WebSight_83.html,10
194.html,27
244.html,28
WebSight_237.html,10
WebSight_95.html,13
881.html,14
WebSight_149.html,11
WebSight_260.html,6
585.html,18
268.html,27
WebSight_132.html,9
WebSight_56.html,6
842.html,25
WebSight_165.html,10
403.html,24
WebSight_173.html,11
946.html,13
WebSight_17.html,10
1135.html,10
550.html,18
58.html,41
WebSight_124.html,6
1027.html,34
WebSight_40.html,13
WebSight_37.html,8
1115.html,20
WebSight_295.html,7
1050.html,29
435.html,29
WebSight_153.html,10
WebSight_9.html,12
WebSight_60.html,9
198.html,17
931.html,17
WebSight_104.html,7
WebSight_76.html,12
39.html,26
WebSight_99.html,8
WebSight_112.html,11
WebSight_21.html,6
423.html,16
1046.html,25
WebSight_283.html,9
WebSight_145.html,8
1197.html,27
WebSight_217.html,9
321.html,37
1085.html,11
WebSight_240.html,12
1206.html,19
WebSight_169.html,3
WebSight_186.html,12
376.html,17
WebSight_256.html,12
54.html,13
1139.html,23
360.html,35
WebSight_190.html,14
WebSight_201.html,10
WebSight_128.html,15
273.html,23
WebSight_129.html,3
859.html,17
WebSight_200.html,11
224.html,24
WebSight_191.html,11
WebSight_257.html,12
WebSight_168.html,10
WebSight_187.html,10
1084.html,7
WebSight_241.html,10
459.html,28
WebSight_216.html,8
WebSight_144.html,7
834.html,26
137.html,14
1102.html,17
WebSight_20.html,10
422.html,21
1047.html,20
588.html,43
WebSight_282.html,7
WebSight_113.html,9
WebSight_77.html,6
38.html,21
WebSight_98.html,11
WebSight_105.html,11
WebSight_61.html,3
658.html,37
WebSight_152.html,10
WebSight_8.html,11
WebSight_36.html,7
822.html,16
WebSight_294.html,6
156.html,13
WebSight_41.html,16
WebSight_125.html,12
WebSight_16.html,13
678.html,47
WebSight_172.html,11
814.html,19
1088.html,39
WebSight_164.html,11
1175.html,11
WebSight_57.html,10
WebSight_133.html,9
WebSight_261.html,11
707.html,27
WebSight_148.html,9
WebSight_236.html,10
WebSight_94.html,9
880.html,19
WebSight_220.html,7
WebSight_82.html,9
603.html,20
WebSight_109.html,12
WebSight_277.html,12
75.html,16
1118.html,18
WebSight_298.html,12
341.html,16
WebSight_4.html,9
654.html,27
825.html,31
WebSight_31.html,11
WebSight_293.html,7
WebSight_155.html,11
WebSight_66.html,5
WebSight_89.html,11
WebSight_102.html,7
864.html,25
WebSight_70.html,12
WebSight_114.html,10
WebSight_27.html,6
87.html,25
WebSight_285.html,6
425.html,30
WebSight_143.html,7
WebSight_211.html,12
WebSight_138.html,4
WebSight_246.html,9
1083.html,20
370.html,25
WebSight_180.html,9
52.html,33
WebSight_250.html,11
223.html,22
673.html,16
WebSight_179.html,12
WebSight_196.html,6
1187.html,10
WebSight_207.html,8
274.html,21
203.html,22
WebSight_3.html,12
WebSight_159.html,13
983.html,32
WebSight_270.html,12
829.html,22
595.html,29
604.html,28
WebSight_227.html,13
WebSight_85.html,4
WebSight_118.html,13
WebSight_231.html,9
868.html,11
WebSight_93.html,9
184.html,7
WebSight_266.html,9
995.html,15
WebSight_289.html,6
WebSight_134.html,7
147.html,34
WebSight_50.html,9
WebSight_163.html,9
956.html,41
540.html,12
WebSight_175.html,6
WebSight_11.html,11
628.html,26
WebSight_122.html,9
297.html,24
WebSight_46.html,6
151.html,32
WebSight_47.html,13
853.html,17
WebSight_123.html,13
412.html,31
WebSight_10.html,5
WebSight_174.html,7
404.html,7
392.html,13
668.html,24
WebSight_162.html,7
1036.html,23
845.html,20
146.html,29
WebSight_51.html,12
516.html,13
WebSight_135.html,10
WebSight_267.html,9
WebSight_288.html,9
32.html,11
WebSight_230.html,12
WebSight_92.html,10
WebSight_119.html,9
WebSight_226.html,10
WebSight_84.html,8
605.html,15
WebSight_271.html,12
828.html,27
202.html,31
WebSight_2.html,8
WebSight_158.html,13
625.html,19
WebSight_206.html,3
WebSight_178.html,7
WebSight_197.html,6
WebSight_251.html,10
WebSight_181.html,13
WebSight_247.html,6
WebSight_139.html,11
12.html,30
WebSight_210.html,7
648.html,17
WebSight_142.html,14
WebSight_26.html,5
69.html,29
WebSight_284.html,6
424.html,23
WebSight_115.html,10
865.html,30
WebSight_71.html,9
WebSight_103.html,12
WebSight_67.html,11
936.html,35
WebSight_88.html,9
WebSight_154.html,13
WebSight_30.html,11
WebSight_292.html,5
626.html,13
WebSight_48.html,11
WebSight_205.html,8
WebSight_194.html,11
WebSight_252.html,12
108.html,21
WebSight_182.html,14
372.html,23
1202.html,20
WebSight_244.html,9
WebSight_213.html,12
WebSight_141.html,9
WebSight_287.html,6
WebSight_268.html,11
WebSight_25.html,6
WebSight_116.html,14
WebSight_72.html,10
1150.html,20
WebSight_100.html,8
WebSight_229.html,13
WebSight_64.html,9
WebSight_157.html,13
WebSight_291.html,10
431.html,20
WebSight_33.html,11
WebSight_209.html,11
WebSight_44.html,8
WebSight_120.html,14
WebSight_13.html,14
WebSight_198.html,13
368.html,18
WebSight_177.html,10
WebSight_248.html,8
WebSight_161.html,11
WebSight_52.html,9
515.html,17
846.html,27
WebSight_136.html,8
581.html,16
WebSight_29.html,12
WebSight_264.html,5
352.html,32
WebSight_91.html,11
186.html,13
885.html,29
WebSight_233.html,17
493.html,15
240.html,15
WebSight_87.html,12
WebSight_68.html,14
WebSight_225.html,7
313.html,19
70.html,22
WebSight_272.html,11
128.html,17
WebSight_1.html,7
WebSight_0.html,7
200.html,20
WebSight_273.html,13
938.html,15
WebSight_86.html,8
WebSight_69.html,11
WebSight_224.html,13
26.html,22
WebSight_90.html,12
30.html,32
WebSight_232.html,12
492.html,6
353.html,22
580.html,21
WebSight_28.html,14
WebSight_265.html,11
WebSight_137.html,5
WebSight_53.html,9
847.html,19
451.html,11
WebSight_160.html,9
WebSight_249.html,8
810.html,30
406.html,20
WebSight_199.html,8
369.html,20
386.html,29
WebSight_176.html,6
105.html,32
WebSight_12.html,10
WebSight_121.html,4
WebSight_208.html,10
502.html,19
WebSight_45.html,11
WebSight_290.html,9
WebSight_32.html,11
826.html,29
WebSight_156.html,14
WebSight_228.html,11
1147.html,29
WebSight_65.html,7
488.html,36
WebSight_101.html,11
471.html,11
164.html,17
WebSight_73.html,4
WebSight_117.html,8
1043.html,23
WebSight_286.html,7
WebSight_269.html,9
WebSight_24.html,6
WebSight_140.html,6
WebSight_212.html,9
WebSight_245.html,13
WebSight_183.html,11
689.html,22
WebSight_253.html,10
1079.html,22
365.html,29
WebSight_195.html,10
WebSight_49.html,12
WebSight_204.html,11
627.html,22
WebSight_42.html,6
1025.html,29
339.html,18
WebSight_126.html,16
WebSight_258.html,9
WebSight_15.html,6
102.html,23
417.html,7
WebSight_171.html,7
952.html,18
WebSight_188.html,13
682.html,16
378.html,23
WebSight_167.html,7
WebSight_219.html,10
WebSight_54.html,8
1176.html,36
513.html,32
1199.html,25
905.html,23
WebSight_130.html,7
60.html,40
WebSight_262.html,7
568.html,13
211.html,15
WebSight_97.html,13
495.html,8
WebSight_78.html,12
WebSight_235.html,6
WebSight_81.html,12
WebSight_223.html,3
99.html,18
WebSight_39.html,10
WebSight_274.html,12
WebSight_7.html,9
342.html,25
WebSight_203.html,12
159.html,21
509.html,27
WebSight_192.html,10
362.html,8
227.html,17
WebSight_19.html,11
WebSight_254.html,4
WebSight_184.html,9
WebSight_242.html,4
1087.html,25
266.html,55
WebSight_58.html,4
WebSight_215.html,9
909.html,20
1195.html,25
WebSight_147.html,9
WebSight_281.html,9
WebSight_23.html,9
WebSight_110.html,10
1013.html,17
WebSight_239.html,7
WebSight_74.html,10
WebSight_106.html,11
899.html,33
WebSight_62.html,8
WebSight_151.html,14
WebSight_297.html,9
WebSight_278.html,6
WebSight_35.html,7
1053.html,21
WebSight_296.html,8
820.html,29
WebSight_279.html,8
WebSight_34.html,12
WebSight_150.html,9
WebSight_63.html,6
WebSight_107.html,11
318.html,21
WebSight_238.html,11
WebSight_75.html,11
532.html,29
WebSight_111.html,11
WebSight_280.html,9
6.html,23
WebSight_22.html,6
WebSight_146.html,10
WebSight_59.html,9
WebSight_214.html,9
322.html,30
WebSight_243.html,7
1086.html,28
WebSight_185.html,8
230.html,21
WebSight_18.html,11
WebSight_255.html,15
WebSight_193.html,7
363.html,38
1213.html,6
WebSight_202.html,8
1028.html,20
621.html,13
206.html,8
WebSight_6.html,11
98.html,29
WebSight_38.html,7
WebSight_275.html,12
77.html,23
251.html,23
314.html,20
WebSight_80.html,14
WebSight_222.html,11
178.html,26
882.html,29
181.html,30
WebSight_96.html,10
WebSight_79.html,8
WebSight_234.html,15
640.html,16
61.html,18
WebSight_263.html,11
WebSight_131.html,9
WebSight_218.html,9
WebSight_55.html,7
512.html,27
WebSight_189.html,12
396.html,13
WebSight_166.html,13
695.html,16
WebSight_170.html,8
WebSight_259.html,8
WebSight_14.html,10
WebSight_127.html,11
WebSight_43.html,12
1024.html,31
