1,google.com
2,amazonaws.com
3,microsoft.com
4,facebook.com
5,akamai.net
6,apple.com
7,root-servers.net
8,a-msedge.net
9,youtube.com
10,azure.com
11,googleapis.com
12,akamaiedge.net
13,twitter.com
14,cloudflare.com
15,instagram.com
16,gstatic.com
17,office.com
18,linkedin.com
19,live.com
20,gtld-servers.net
21,tiktokcdn.com
22,googletagmanager.com
23,googlevideo.com
24,akadns.net
25,windowsupdate.com
26,fbcdn.net
27,trafficmanager.net
28,amazon.com
29,doubleclick.net
30,googleusercontent.com
31,microsoftonline.com
32,wikipedia.org
33,bing.com
34,apple-dns.net
35,fastly.net
36,l-msedge.net
37,office.net
38,googlesyndication.com
39,icloud.com
40,wordpress.org
41,sharepoint.com
42,t-msedge.net
43,mail.ru
44,youtu.be
45,github.com
46,netflix.com
47,aaplimg.com
48,whatsapp.net
49,domaincontrol.com
50,yahoo.com
51,pinterest.com
52,digicert.com
53,s-msedge.net
54,appsflyersdk.com
55,adobe.com
56,cloudfront.net
57,goo.gl
58,windows.net
59,gvt2.com
60,spotify.com
61,vimeo.com
62,tiktokv.com
63,cdn77.org
64,gvt1.com
65,google-analytics.com
66,whatsapp.com
67,skype.com
68,bit.ly
69,zoom.us
70,msn.com
71,yandex.net
72,wac-msedge.net
73,gandi.net
74,ntp.org
75,wordpress.com
76,cloudflare.net
77,nic.ru
78,bytefcdn-oversea.com
79,office365.com
80,roblox.com
81,qq.com
82,e2ro.com
83,ytimg.com
84,edgekey.net
85,tiktok.com
86,blogspot.com
87,mozilla.org
88,cloudflare-dns.com
89,opera.com
90,unity3d.com
91,reddit.com
92,cdninstagram.com
93,googleadservices.com
94,baidu.com
95,lencr.org
96,comcast.net
97,intuit.com
98,snapchat.com
99,ax-msedge.net
100,googledomains.com
101,europa.eu
102,x.com
103,mts.ru
104,amazon-adsystem.com
105,a2z.com
106,trbcdn.net
107,samsung.com
108,t.me
109,app-analytics-services.com
110,rocket-cdn.com
111,macromedia.com
112,wa.me
113,outlook.com
114,nih.gov
115,dropbox.com
116,tumblr.com
117,app-measurement.com
118,sentry.io
119,bytefcdn-ttpeu.com
120,msedge.net
121,gravatar.com
122,vk.com
123,ui.com
124,dns.google
125,aiv-cdn.net
126,github.io
127,userapi.com
128,windows.com
129,edgesuite.net
130,rbxcdn.com
131,one.one
132,nytimes.com
133,msftncsi.com
134,spo-msedge.net
135,xiaomi.com
136,telecid.ru
137,webex.com
138,epicgames.com
139,ggpht.com
140,ttlivecdn.com
141,forms.gle
142,nist.gov
143,applovin.com
144,apache.org
145,archive.org
146,paypal.com
147,flickr.com
148,adnxs.com
149,dual-s-msedge.net
150,criteo.com
151,b-msedge.net
152,meraki.com
153,medium.com
154,pki.goog
155,mangosip.ru
156,casalemedia.com
157,forbes.com
158,qlivecdn.com
159,myfritz.net
160,soundcloud.com
161,cnn.com
162,miit.gov.cn
163,vtwenty.com
164,aliyuncs.com
165,omtrdc.net
166,dnsowl.com
167,miui.com
168,t.co
169,registrar-servers.com
170,cdn-apple.com
171,azurewebsites.net
172,amazon.dev
173,taboola.com
174,tiktokcdn-us.com
175,android.com
176,nflxso.net
177,theguardian.com
178,shifen.com
179,kaspersky.com
180,gmail.com
181,2mdn.net
182,wsdvs.com
183,wildberries.ru
184,w3.org
185,adobe.io
186,nginx.org
187,ebay.com
188,demdex.net
189,akamaized.net
190,doubleverify.com
191,yandex.ru
192,bbc.co.uk
193,adriver.ru
194,akamaihd.net
195,ozon.ru
196,nginx.com
197,twitch.tv
198,jomodns.com
199,creativecommons.org
200,roku.com
201,elisa.fi
202,bbc.com
203,amazonvideo.com
204,3gppnetwork.org
205,cisco.com
206,imdb.com
207,edgecdn.ru
208,msftconnecttest.com
209,sourceforge.net
210,ivi.ru
211,mit.edu
212,salesforce.com
213,b-cdn.net
214,sciencedirect.com
215,ubuntu.com
216,scorecardresearch.com
217,shopify.com
218,researchgate.net
219,ring.com
220,nr-data.net
221,cedexis.net
222,who.int
223,azureedge.net
224,smartadserver.com
225,hubspot.com
226,youtube-nocookie.com
227,rubiconproject.com
228,facebook.net
229,booking.com
230,dzeninfra.ru
231,mzstatic.com
232,t-online.de
233,launchdarkly.com
234,ampproject.org
235,hp.com
236,linktr.ee
237,salesforceliveagent.com
238,taobao.com
239,googleblog.com
240,byteoversea.net
241,canva.com
242,slack.com
243,go.com
244,wixsite.com
245,wikimedia.org
246,doi.org
247,my.com
248,alicdn.com
249,o365filtering.com
250,sharethrough.com
251,cdngslb.com
252,openx.net
253,cmediahub.ru
254,crashlytics.com
255,tinyurl.com
256,issuu.com
257,appsflyer.com
258,example.com
259,espn.com
260,mtgglobals.com
261,reg.ru
262,harvard.edu
263,oracle.com
264,discord.com
265,cdc.gov
266,washingtonpost.com
267,3lift.com
268,drom.ru
269,weebly.com
270,adsrvr.org
271,opendns.com
272,businessinsider.com
273,avast.com
274,google.com.br
275,media-amazon.com
276,reuters.com
277,netangels.ru
278,rlcdn.com
279,godaddy.com
280,stripe.com
281,vungle.com
282,pubmatic.com
283,dailymail.co.uk
284,alibabadns.com
285,atomile.com
286,ttdns2.com
287,media.net
288,tiktokv.us
289,amazon.co.uk
290,www.gov.uk
291,samsungqbe.com
292,wiley.com
293,slideshare.net
294,ripn.net
295,weibo.com
296,googletagservices.com
297,mozilla.com
298,online.net
299,steampowered.com
300,t-mobile.com
301,nease.net
302,appcenter.ms
303,samsungcloud.com
304,bidswitch.net
305,1c.ru
306,usatoday.com
307,wbx2.com
308,jsdelivr.net
309,azurefd.net
310,playstation.net
311,pangle.io
312,bloomberg.com
313,openai.com
314,adsafeprotected.com
315,telegraph.co.uk
316,worldfcdn2.com
317,criteo.net
318,grammarly.com
319,nature.com
320,dell.com
321,ibm.com
322,pages.dev
323,arubanetworks.com
324,etsy.com
325,wsj.com
326,weather.com
327,quantserve.com
328,telekom.net
329,dzen.ru
330,samsungcloudsolution.com
331,shalltry.com
332,mi.com
333,un.org
334,lijit.com
335,health.mil
336,allawnos.com
337,eset.com
338,dailymotion.com
339,springer.com
340,dotomi.com
341,douyincdn.com
342,tiktokcdn-eu.com
343,notamedia.ru
344,google.de
345,zendesk.com
346,wp.com
347,dnsmadeeasy.com
348,mcafee.com
349,ibyteimg.com
350,inmobi.com
351,php.net
352,liadm.com
353,sc-cdn.net
354,ea.com
355,adform.net
356,quora.com
357,f5.com
358,clarity.ms
359,list-manage.com
360,yximgs.com
361,creativecdn.com
362,id5-sync.com
363,pv-cdn.net
364,forter.com
365,outbrain.com
366,nasa.gov
367,pixabay.com
368,stackoverflow.com
369,ksyuncdn.com
370,static.microsoft
371,comfortel.pro
372,indeed.com
373,autodesk.com
374,independent.co.uk
375,stanford.edu
376,force.com
377,inner-active.mobi
378,gnu.org
379,elasticbeanstalk.com
380,cnbc.com
381,sohu.com
382,unsplash.com
383,gosuslugi.ru
384,cpanel.net
385,globo.com
386,tripadvisor.com
387,discord.gg
388,eventbrite.com
389,mynetname.net
390,chatgpt.com
391,tp-link.com
392,xcal.tv
393,checkpoint.com
394,google.co.uk
395,aliexpress.com
396,amazonalexa.com
397,nstld.com
398,xboxlive.com
399,heytapdl.com
400,ok.ru
401,giphy.com
402,npr.org
403,cdn20.com
404,kaspersky-labs.com
405,consultant.ru
406,adobe.net
407,yahoo.co.jp
408,sc-gw.com
409,bilibili.com
410,statista.com
411,indexww.com
412,myshopify.com
413,rambler.ru
414,ttvnw.net
415,isnssdk.com
416,steamserver.net
417,goodreads.com
418,duckduckgo.com
419,amazon.de
420,avcdn.net
421,sfx.ms
422,foxnews.com
423,walmart.com
424,sophos.com
425,cloud.microsoft
426,nvidia.com
427,g.page
428,capcutapi.com
429,aliyun.com
430,telegram.org
431,teamviewer.com
432,addtoany.com
433,firetvcaptiveportal.com
434,twimg.com
435,byteoversea.com
436,gamepass.com
437,verisign.com
438,naver.com
439,branch.io
440,tradingview.com
441,vkuser.net
442,time.com
443,hichina.com
444,alibaba.com
445,dns-parking.com
446,chinamobile.com
447,entrust.net
448,hicloud.com
449,online-metrix.net
450,imcmdb.net
451,uber.com
452,mikrotik.com
453,blogger.com
454,wired.com
455,temu.com
456,speedtest.net
457,kwai.net
458,wix.com
459,telegram.me
460,ngenix.net
461,amzn.to
462,ctdns.cn
463,debian.org
464,duckdns.org
465,phicdn.net
466,mayoclinic.org
467,scribd.com
468,behance.net
469,cnet.com
470,vedcdnlb.com
471,duolingo.com
472,surveymonkey.com
473,ys7.com
474,beian.gov.cn
475,name-services.com
476,launchpad.net
477,ups.com
478,imgsmail.ru
479,mediatek.com
480,trustpilot.com
481,grammarly.io
482,safebrowsing.apple
483,huawei.com
484,aol.com
485,trendmicro.com
486,ovscdns.com
487,icloud-content.com
488,kahoot.it
489,moe.video
490,telekom.de
491,google.com.hk
492,ft.com
493,indiatimes.com
494,dns.cn
495,ted.com
496,squarespace.com
497,rzone.de
498,delfi.lt
499,sentinelone.net
500,360yield.com
501,digitalocean.com
502,disqus.com
503,accuweather.com
504,netease.com
505,fandom.com
506,xvideos.com
507,onlinepbx.ru
508,rackspace.net
509,goskope.com
510,hotjar.com
511,msidentity.com
512,rakuten.co.jp
513,calendly.com
514,google.ca
515,mozgcp.net
516,cdnbuild.net
517,nypost.com
518,blueapron.com
519,tabtab-staging.com
520,deviantart.com
521,tencent-cloud.net
522,sapo.pt
523,google.fr
524,akam.net
525,dnspod.net
526,yahoodns.net
527,intel.com
528,braze.com
529,amazontrust.com
530,onetrust.com
531,vkontakte.ru
532,mysql.com
533,cloudapp.net
534,imgur.com
535,mailchimp.com
536,netflix.net
537,buzzfeed.com
538,virtualearth.net
539,deepintent.com
540,att.net
541,uol.com.br
542,aboutads.info
543,oup.com
544,google.co.jp
545,teads.tv
546,nflximg.com
547,steamcommunity.com
548,playstation.com
549,xhamster.com
550,patreon.com
551,cbsnews.com
552,freepik.com
553,visualstudio.com
554,loc.gov
555,jquery.com
556,ca.gov
557,conviva.com
558,line.me
559,bdydns.com
560,spov-msedge.net
561,berkeley.edu
562,ietf.org
563,sina.com.cn
564,azure-dns.com
565,163.com
566,omnitagjs.com
567,mega.co.nz
568,yieldmo.com
569,tds.net
570,amazon.co.jp
571,yandex.com
572,noaa.gov
573,ezvizlife.com
574,amplitude.com
575,newrelic.com
576,cookielaw.org
577,cornell.edu
578,shutterstock.com
579,marriott.com
580,timeweb.ru
581,tandfonline.com
582,atlassian.com
583,newsweek.com
584,cqloud.com
585,latimes.com
586,smaato.net
587,britannica.com
588,qualtrics.com
589,myqcloud.com
590,licdn.com
591,nike.com
592,hostgator.com
593,techcrunch.com
594,ovscdns.net
595,beeline.ru
596,livejournal.com
597,studocu.com
598,omni.ru
599,ikea.com
600,yelp.com
